Title,Prompt
Overgrown Mine Entrance,A photo of an overgrown mine entrance with rotting wooden beams and rusted machinery in the foreground; no human faces are shown.
Abandoned Quarry,"A photo of a deserted quarry with jagged cliffs, flooded excavation pits, and abandoned construction equipment scattered around; no human faces are shown."
Snow-covered Trail,A photo of a snow-covered trail winding past a massive glacier under a bright sky; no human faces are shown.
Alpine Meadow,A photo of a lush alpine meadow dotted with vibrant wildflowers and surrounded by towering peaks; no human faces are shown.
Aquarium Viewing Room,A photo of a serene aquarium viewing room with large glass panes showcasing colorful sea creatures; no human faces are shown.
Arctic Ice Floe,"A photo of a vast expanse of floating ice floes, illuminated by the soft glow of the Arctic sun; no human faces are shown."
Artisan Bread Bakery,"A photo of an artisan bakery with neatly arranged bread and pastries on wooden shelves and a simple counter. The room has a cozy, rustic feel with soft lighting and a clean, organized space. No human faces are shown."
Artist's Loft,"A photo of a spacious artist's loft filled with canvases, paint supplies, and a cluttered work desk by a large sunlit window; no human faces are shown."
Autumn Road,"A photo of a road surrounded by autumn trees with vibrant orange, red, and yellow foliage. No human faces are shown."
Aviary,"A photo of an aviary with some vibrant birds perched on lush greenery, with sunlight streaming through the glass dome above; no human faces are shown."
Backyard,"A photo of a backyard scene featuring a wooden deck, a small garden with blooming flowers. A barbecue grill sits to the side, with a stone pathway leading to a small shed. No human faces are shown."
Bakery Kitchen,"A photo of a bakery kitchen with freshly baked goods, flour-dusted counters, and warm light streaming through a window; no human faces are shown."
Ballroom,"A photo of a grand ballroom with a polished wooden floor, a high arched ceiling, and glittering chandeliers. Tall windows draped with elegant curtains line the walls, and ornate gold details frame the room. The atmosphere is regal and timeless, with soft natural light streaming in and creating reflections on the floor."
Banquet Hall,"A photo of an ornate banquet hall with a long dining table set with fine china and candelabras, surrounded by high vaulted ceilings and intricate tapestries; no human faces are shown."
Barber Shop,"A photo of a vintage barber shop with leather chairs, polished mirrors, and an array of grooming tools neatly organized; no human faces are shown."
Base Camp,"A photo of a mountain base camp at dawn, with canvas tents and scattered equipment. Snow-capped peaks loom in the distance. No human faces are shown."
Basement Storage Room,"A photo of a dimly lit basement storage room filled with dusty shelves, old boxes, and cobweb-covered items; no human faces are shown."
Basement Workshop,"A photo of a basement workshop with a single workbench, a few tools on the wall, and a clean, organized layout. The lighting is warm and focused, creating a calm and functional atmosphere. No human faces are shown."
Bathhouse,"A photo of a traditional bathhouse with steamy pools, wooden architecture, and soft ambient lighting; no human faces are shown."
Bathroom,"A photo of a modern bathroom with marble floors and walls. The room is serene and luxurious, with warm, natural light filtering through frosted glass."
Bedroom,"A photo of a vintage bedroom with a clean canopy bed, soft drapes, and simple antique furniture. The atmosphere is elegant and uncluttered, with natural lighting. No human faces are shown."
Birdwatching Tower in Wetlands,"A photo of a birdwatching tower overlooking wetlands, surrounded by reeds and distant waterfowl in flight; no human faces are shown."
Bridge,A photo of a stone arch bridge spanning a serene river. Surrounding the bridge are lush green trees reflected in the water below. No human faces are shown.
Wooden Cabin,"A photo of a wooden cabin nestled in a forest clearing, with smoke gently rising from the chimney. The surroundings include tall pine trees and a small stack of chopped firewood. No human faces are shown."
Campfire,"A photo of a campfire scene at night, surrounded by a circle of rocks and wooden logs used as seating. The firelight illuminates nearby trees, and sparks rise into the dark sky. No human faces are shown."
Candle Workshop,"A photo of a candle workshop with wax molds, rows of completed candles, and the warm glow of candlelight reflecting off wooden shelves; no human faces are shown."
Medieval Tavern,"A photo of a medieval tavern with wooden tables, a stone fireplace, and soft candlelight illuminating the walls. The design is simple yet authentic, with minimal clutter to maintain focus. No human faces are shown."
Canyon,"A photo of a vast canyon with steep, rocky walls, layered in shades of red and orange, and a winding river below; no human faces are shown."
Castle Tower Chamber,"A photo of a medieval castle tower chamber, with a high vaulted ceiling, stone walls, and a central round table surrounded by wooden chairs. Narrow windows let in soft light, and the room is adorned with tapestries and medieval artifacts."
Cathedral Interior,"A photo of a grand cathedral interior with towering stained-glass windows, intricate stone carvings, and rows of empty pews; no human faces are shown."
Cheese Cellar,"A photo of a rustic cheese cellar with wooden shelves lined with wheels of aging cheese, dim lighting, and a cool, stone-walled environment; no human faces are shown."
Children's Playroom,"A photo of a children’s playroom with colorful toys, books, and a cozy reading nook illuminated by soft natural light; no human faces are shown."
Classroom,"A photo of a traditional classroom with rows of wooden desks and chairs, a large chalkboard at the front, and a teacher’s desk with stacks of books. Posters with educational themes are pinned to the walls, and sunlight streams through tall windows with blinds partially drawn. The atmosphere is lively yet orderly."
Coastal Sand Dunes,"A photo of coastal sand dunes, with rolling mounds of fine sand, tufts of grass, and the sound of waves crashing in the distance; no human faces are shown."
Computer Lab,"A photo of a computer lab with rows of monitors, ergonomic chairs, and soft fluorescent lighting reflecting off clean, white desks; no human faces are shown."
Conference Room,"A photo of a modern conference room with a large glass table surrounded by sleek chairs. A projector screen hangs on one wall, and large windows offer a view of the city skyline. The room is minimalistic and professional, with natural light balanced by overhead LED lighting."
Coral Reef,"A photo of a underwater view of a vibrant coral reef teeming with colorful fish, swaying anemones, and intricate coral formations; no human faces are shown."
Countryside Road,"A photo of a countryside road winding through rolling green fields, lined with wildflowers and bordered by a rustic wooden fence; no human faces are shown."
Courthouse Interior,"A photo of a courthouse interior, featuring polished wooden benches, a judge’s bench, and tall windows letting in natural light; no human faces are shown."
Co-working Space,"A photo of a co-working space with modern furniture, laptops on desks, potted plants, and large windows providing ample natural light; no human faces are shown."
Cozy Attic,"A photo of a cozy attic filled with vintage furniture, old books, and warm sunlight streaming through a small window; no human faces are shown."
Fireplace Lounge,"A photo of a lounge with a clean stone fireplace, a single armchair, and a small coffee table. The room is softly lit, creating a warm and inviting atmosphere with minimal detail. No human faces are visible."
Cozy Office,"A photo of a small, cozy office with a wooden desk, a comfortable chair, and shelves filled with books and personal trinkets. A soft armchair sits in the corner next to a lamp, and the window is framed by curtains. The atmosphere is warm and inviting, with a mug of coffee and a notepad on the desk."
Craft Workshop,"A photo of a craft workshop with workbenches covered in tools, jars of beads, spools of thread, and half-finished projects; no human faces are shown."
Crater Lake,"A photo of a crater lake surrounded by steep cliffs and dense forest, with the clear, still water reflecting the sky above; no human faces are shown."
Dance Club with Neon Lights,"A photo of a dance club with clean lines of neon lights, a reflective floor, and simple bar and DJ areas. The design is sleek and modern, focusing on the lighting effects. No human faces are shown."
Deforested Area,A photo of a deforested area with tree stumps scattered across a barren landscape under a hazy sky; no human faces are shown.
Desert Nomad Camp,"A photo of a desert nomad camp with traditional woven tents, cooking utensils, and camels resting near a shaded oasis; no human faces are shown."
Desert Oasis,"A photo of a desert oasis with a cluster of palm trees encircling a clear pool of water. Sand dunes stretch into the horizon, and the area is bathed in golden sunlight. No human faces are shown."
Desert Rock Arch,"A photo of a natural desert rock arch standing tall in a vast, arid landscape with soft sunlight casting long shadows; no human faces are shown."
Deserted Pier,"A photo of a deserted pier extending into calm waters, with weathered wooden planks and rusted railings under a cloudy sky; no human faces are shown."
Detective Office,"A photo of a detective’s office with a cluttered desk, scattered case files, and a dimly lit lamp casting shadows on the walls; no human faces are shown."
Dimly Lit Modern Bar,"A photo of a dimly lit bar with modern furnishings, sleek stools, and a glowing counter surrounded by an intimate, atmospheric setting; no human faces are shown."
Dormitory Hallway,"A photo of a dormitory hallway with rows of closed doors, soft overhead lighting, and a carpeted floor; no human faces are shown."
Dry Riverbed,"A photo of a dry riverbed with cracked earth, scattered rocks, and sparse vegetation under the hot sun; no human faces are shown."
Elevator Shaft Interior,"A photo of the interior of an elevator shaft, with exposed cables, a metal framework, and dim emergency lighting; no human faces are shown."
Concert Hall,"A photo of a concert hall with rows of seats and a clean stage lit by soft overhead lights. The layout is orderly, and the space feels serene and minimalistic. No human faces are visible."
Factory Floor with Conveyor Belts,"A photo of a factory floor with conveyor belts, stacks of products, and large machinery operating under harsh industrial lighting; no human faces are shown."
Family Dining Room,"A photo of a family dining room with a table set for a meal, warm lighting from a chandelier, and an inviting atmosphere; no human faces are shown."
Spa Room with Pools,"A photo of a spa room with clean stone pools, soft lighting, and neatly arranged towels. The design is calm and luxurious, with minimal elements to enhance simplicity. No human faces are shown."
Farmhouse,"A photo of a rustic farmhouse surrounded by fields of wheat. A windmill and a red barn stand nearby, with a dirt path leading to the front porch. No human faces are shown."
Farmland,"A photo of farmland with rows of crops, a distant barn, and a scarecrow standing amidst the greenery under a bright sky; no human faces are shown."
Fisherman Wharf,"A photo of a fisherman's wharf with small wooden docks, fishing nets hanging on poles, and boats moored nearby. Seagulls are perched on the railings, and the ocean is calm. No human faces are shown."
Fishing Dock on a Quiet Lake,"A photo of a fishing dock on a quiet lake, with still water reflecting the surrounding trees and an old wooden boat tied to the dock; no human faces are shown."
Floating Market,"A photo of a floating market with a few neat boats containing fruits and vegetables, set on calm water. The composition is tidy and vibrant, focusing on the boats and their simple contents. No human faces are visible."
Flooded Valley,A photo of a flooded valley with submerged trees and reflections of the cloudy sky on the expansive water surface; no human faces are shown.
Forest Lake,"A photo of a forest lake surrounded by dense trees. The water reflects the sky and trees, with a small wooden pier extending into the lake. No human faces are shown."
Fountain Plaza,"A photo of a cobblestone plaza centered around an ornate stone fountain with water cascading down. Nearby are benches, streetlamps, and flower beds. No human faces are shown."
Frozen Riverbank,"A photo of a frozen riverbank with snow-covered trees, icicles hanging from branches, and the river partially iced over; no human faces are shown."
Frozen Storage Room,"A photo of a frozen storage room with frost-covered walls, stacked crates, and icy air swirling around; no human faces are shown."
Garage,"A photo of a garage with tools hanging on a pegboard, a workbench with scattered parts, and a car in the middle of the space. Shelves are filled with boxes and supplies, and a large garage door is partially open, letting in sunlight. The space feels utilitarian and well-used."
Glacier Edge,"A photo of a glacier edge with jagged ice formations and deep crevices under a bright, cold sky; no human faces are shown."
Glowing Bioluminescent Forest,"A photo of a glowing bioluminescent forest with luminescent plants and fungi casting an ethereal light in a dark, mysterious environment; no human faces are shown."
Golf Course,"A photo of a manicured golf course with rolling green fairways, a sand trap, and a flag marking the hole. Trees line the horizon under a clear blue sky. No human faces are shown."
Graveyard,"A photo of an old graveyard with moss-covered tombstones, a wrought-iron fence, and trees casting long shadows. A mist lingers near the ground, creating an eerie atmosphere. No human faces are shown."
Greenhouse,"A photo of a lush greenhouse filled with rows of potted plants, hanging vines, and blooming flowers. The air is humid, and sunlight filters through the glass panels of the structure. Gardening tools are placed neatly on a bench, and the atmosphere is serene and vibrant with life."
Modern Gym,"A photo of a modern gym with rows of exercise machines, free weights, and a mirrored wall. Rubberized flooring provides a clean and safe surface, and a water dispenser stands in one corner. The space is well-lit with bright LED lights and large windows."
Harbor,"A photo of a harbor scene with boats docked along piers, wooden crates stacked nearby, and calm waves lapping against the shore. Seagulls circle in the air. No human faces are shown."
Herbalist's Shop,"A photo of an herbalist's shop with rows of dried herbs, apothecary jars, and mortar and pestle on a wooden counter; no human faces are shown."
Wine Cellar,"A photo of a wine cellar with rows of wooden barrels, vintage bottles on racks, and dim, atmospheric lighting; no human faces are shown."
High Desert Mesa,"A photo of a high desert mesa with dramatic rock formations, sparse vegetation, and the vast expanse of desert stretching beyond; no human faces are shown."
Art Gallery,"A photo of a art gallery with simple, framed artworks on white walls and a clean, polished floor. The lighting highlights the art without cluttering the scene. No human faces are visible."
High-Tech Laboratory,"A photo of a high-tech laboratory filled with sleek equipment, glowing screens, and cutting-edge instruments arranged in a pristine environment; no human faces are shown."
Historic Square,"A photo of a historic square with cobblestone streets, a central statue, and buildings with ornate architecture and balconies. A gentle breeze moves flags hung from poles. No human faces are shown."
Hospital Waiting Area,"A photo of a hospital waiting area with rows of empty chairs, a reception desk, and soft overhead lighting; no human faces are shown."
Hot Air Balloon Overlook,A photo of a hot air balloon overlook with colorful balloons floating above a sprawling landscape under a vivid sunrise; no human faces are shown.
Hotel Lobby,"A photo of a hotel lobby with plush seating, ornate decor, and a large chandelier hanging from the ceiling; no human faces are shown."
Hotel Room Balcony View,"A photo of a hotel room balcony with a small table and chairs, overlooking a simple view of the ocean or city. The design is elegant and uncluttered, with soft natural lighting. No human faces are shown."
Ice Bar,"A photo of an ice bar with smooth ice walls and furniture, softly illuminated by blue lights. The design is clean and focused, with minimal decor to emphasize simplicity. No human faces are visible."
Indoor Pool,"A photo of an indoor community pool surrounded by sleek tiles, with lounge chairs along the edges. Large windows let in soft natural light, and the water glistens under modern overhead lighting. The atmosphere is serene and inviting, with the faint sound of water rippling."
Industrial Workshop,"A photo of an industrial workshop with tools, metal parts, and machinery sparsely spread across workbenches under fluorescent lighting; no human faces are shown."
Interior of a Small Cottage,A photo of the interior of a small cottage with cozy furnishings and soft natural light streaming through the windows; no human faces are shown.
Island with Palm Trees,"A photo of an entire island with palm trees swaying in the breeze, white sand beaches, and turquoise waters stretching to the horizon; no human faces are shown."
Jungle,"A photo of a dense jungle with towering trees, vines hanging from branches, and patches of sunlight breaking through the canopy. A small stream winds through the lush greenery. No human faces are shown."
Laundromat,"A photo of a laundromat with rows of washing machines, dryers, and baskets of clothes in a quiet, functional atmosphere; no human faces are shown."
Library,"A photo of a grand library with tall wooden shelves packed with books, a rolling ladder, and cozy armchairs for reading. Soft lighting comes from table lamps, and large windows let in diffused natural light. The atmosphere is quiet and scholarly, with the faint scent of aged paper."
Lighthouse Coastline,A photo of a lighthouse perched on a rocky coastline with waves crashing against the rocks. The light beam sweeps across the darkening sky. No human faces are shown.
Limestone Cave Entrance,"A photo of a limestone cave entrance with jagged rock formations, a cool breeze, and faint sunlight filtering in; no human faces are shown."
Log Cabin Living Room,"A photo of a log cabin living room with rustic wooden furniture, a crackling fireplace, and large windows overlooking a serene forest; no human faces are shown."
Mangrove Forest,"A photo of a mangrove forest with twisted roots emerging from calm, shallow waters and dense green foliage overhead; no human faces are shown."
Market Stall Interior,"A photo of a market stall with a few neatly arranged baskets of fruits and vegetables under a simple canopy. The design is clean and organized, focusing on the goods. No human faces are visible."
Marshland Boardwalk,A photo of a marshland boardwalk with wooden planks winding through reeds and the faint sound of waterbirds in the distance; no human faces are shown.
Mountain Stream Waterfall,A photo of a mountain stream waterfall cascading down moss-covered rocks in a lush green forest; no human faces are shown.
Movie Theatre,"A photo of a classic movie theatre with chairs arranged in rows, a large screen, and surround sound speakers. The walls are covered with acoustic panels, and dim ambient lighting creates a cinematic atmosphere. "
Museum Exhibit Room,"A photo of a museum exhibit room with glass cases displaying artifacts, polished floors, and soft, focused lighting; no human faces are shown."
Jazz Club,"A photo of a jazz club with a small stage, dim ambient lighting, and rows of empty tables and chairs; no human faces are shown."
Music Studio,"A photo of a professional music studio with soundproofed walls, a mixing console, and a microphone setup. Instruments like a keyboard, guitar, and drum kit are arranged neatly. The room is softly lit with LED strips, creating a focused and creative environment."
Observatory Dome Interior,A photo of an observatory dome interior with a large telescope aimed at the stars and a curved ceiling with faint star charts; no human faces are shown.
Office Building Breakroom,"A photo of an office building breakroom with a coffee machine, vending machines, and neatly arranged tables and chairs; no human faces are shown."
Old Kitchen,"A photo of a old-fashioned kitchen with wooden cabinets, a large farmhouse sink, and a cast-iron stove. Pots and pans hang from hooks, and jars of spices line a wooden shelf. The floor is made of worn stone tiles, and sunlight filters through a small window with lace curtains."
Ornate Theater Balcony,"A photo of an ornate theater balcony with plush red seats, golden railings, and a perfect view of the grand stage below; no human faces are shown."
Overgrown Garden,"A photo of an overgrown garden with flowers, shrubs, and vines reclaiming a stone pathway under the soft glow of twilight; no human faces are shown."
Overgrown Ruins,"A photo of overgrown ruins with crumbling stone walls, creeping vines, and nature overtaking the remnants of human architecture; no human faces are shown."
Green Park,"A photo of a park with green lawns, flower beds, and a winding path leading to a gazebo. Ducks swim in a nearby pond surrounded by weeping willow trees. No human faces are shown."
Pirate Ship Cabin,"A photo of a rugged pirate ship cabin with wooden walls and floors, a sturdy desk with maps and a compass, and a hammock strung in one corner. An oil lantern hangs from a beam, casting warm flickering light, and nautical tools and ropes are scattered throughout."
Porch,"A photo of a front porch with a rocking chair, potted plants, and a wooden railing. The porch overlooks a quiet rural landscape bathed in soft evening light. No human faces are shown."
Prairie with Grazing Animals,"A photo of a prairie with grazing animals, tall golden grass, and a soft breeze under a wide-open sky; no human faces are shown."
Quiet Riverbank,"A photo of a quiet riverbank with still water reflecting the surrounding trees, scattered rocks, and a peaceful atmosphere; no human faces are shown."
Railway Tunnel,"A photo of a railway tunnel with dim lighting, smooth tracks, and a faint light visible in the distance; no human faces are shown."
Rainy Alleyway,"A photo of a narrow alleyway glistening with rainwater, illuminated by dimly glowing streetlights. Wet cobblestones and old brick walls add texture to the scene. No human faces are shown."
Rainy Mountain Village,"A photo of a rainy mountain village with mist-covered rooftops, cobblestone streets glistening with rain, and lanterns casting warm light; no human faces are shown."
River Delta,"A photo of a river delta with winding channels of water, lush greenery, and distant herons wading in the shallows; no human faces are shown."
Rocky Beach,"A photo of a rocky beach with waves crashing against jagged rocks, seaweed-strewn sand, and distant cliffs under a cloudy sky; no human faces are shown."
Rooftop Garden,"A photo of a rooftop garden with potted plants, a wooden bench, and trellises covered in climbing vines. The city skyline is visible in the background under a twilight sky. No human faces are shown."
Running Tracks,"A photo of an athletics running track. The scene is peaceful, with faint sunlight casting long shadows. No human faces are shown."
Rustic Barn Loft,"A photo of a rustic barn loft with wooden beams, a simple ladder, and clean hay bales neatly arranged on the floor. The space is open and tidy. No human faces are shown."
Salt Lake,A photo of a salt lake with crystalline formations along the edges and a mirror-like surface reflecting the sky. The horizon is vast and open. No human faces are shown.
Sauna,"A photo of a sauna with wooden benches, steam filling the air, and a serene atmosphere lit by warm ambient lighting."
Secluded Hilltop Shrine,"A photo of a secluded hilltop shrine surrounded by stone steps, ancient carvings, and an expansive view of the surrounding landscape; no human faces are shown."
Ship's Engine Room,"A photo of a ship's engine room with intricate machinery, large pipes, and gauges glowing faintly under industrial lighting; no human faces are shown."
Snowy Cliffside Trail,"A photo of a snowy cliffside trail with fresh snow blanketing the ground, icy outcroppings, and a panoramic view of the distant peaks; no human faces are shown."
Snowy Village,"A photo of a snowy village with quaint cottages, glowing windows, and smoke rising from chimneys. Snow-covered trees line the streets, and footprints are visible in the snow. No human faces are shown."
Basketball Court,"A photo of a indoor sports court with clear court lines and simple equipment like a basketball hoop and a single ball. The design is clean and focused, with bright, even lighting. No human faces are visible."
Horse Stable,"A photo of a stable with wooden stalls, hay bales stacked in the corner, and tack hanging on the walls. Horses stand quietly inside their stalls. No human faces are shown."
Stormy Ocean Waves,"A photo of a of stormy ocean waves crashing violently against rocky cliffs, with dark clouds swirling overhead and mist rising from the sea; no human faces are shown."
Suburb,"A photo of a suburban street with neatly trimmed lawns, flower gardens, and parked cars in driveways. Each house has a cozy and inviting appearance. No human faces are shown."
Sunlit Forest Path,"A photo of a sunlit forest path with dappled sunlight filtering through the leaves, soft moss underfoot, and birds singing in the distance; no human faces are shown."
Sunset at a Wind Farm,"A photo of a wind farm at sunset, with turbines silhouetted against the glowing sky and fields of golden grass below; no human faces are shown."
Temple Garden,"A photo of a temple garden featuring a koi pond, a small arched bridge, and meticulously raked gravel. Cherry blossoms and lanterns enhance the serene atmosphere. No human faces are shown."
Train Station Platform,"A photo of a train station platform with a vintage train waiting at the tracks. Luggage is stacked neatly nearby, and a clock tower rises above the station. No human faces are shown."
Train Station Waiting Hall,"A photo of a train station waiting hall with tall arched ceilings, rows of empty benches, and shafts of sunlight streaming through high windows; no human faces are shown."
Tropical Beach,"A photo of a tropical beach with golden sand, turquoise waters, and palm trees swaying in the breeze. Gentle waves lap at the shore under a bright sun. No human faces are shown."
Underground Bunker,"A photo of an underground bunker with reinforced walls, storage racks filled with supplies, and dim overhead lights; no human faces are shown."
Underground Cave with Stalactites,"A photo of an underground cave with stalactites and stalagmites, soft light reflecting off pools of water, and an eerie stillness; no human faces are shown."
Underwater Research Station,A photo of an underwater research station with large windows revealing marine life outside and advanced scientific equipment inside; no human faces are shown.
University Lecture Hall,"A photo of a university lecture hall with rows of seats, a large blackboard at the front, and soft natural light filtering through high windows; no human faces are shown."
Urban Canal,"A photo of a urban canal flanked by old brick buildings. Small boats are moored along the canal, and the water reflects the architecture. No human faces are shown."
Green Valley,A photo of a green valley surrounded by rolling hills and mountains in the distance. A river winds through the lush landscape. No human faces are shown.
Victorian Parlor,"A photo of a Victorian parlor with richly upholstered furniture, ornate wallpaper, and a crackling fireplace; no human faces are shown."
Village Corner,"A photo of a village corner with cobblestone streets, small shops, and flowering window boxes. The scene is quiet, with rustic charm. No human faces are shown."
Vintage Diner,"A photo of a vintage diner with polished red booths, a jukebox in the corner, and chrome accents reflecting the warm glow of neon lights without text; no human faces are shown."
Volcanic Landscape,"A photo of a volcanic landscape with blackened rocks, steaming fissures, and a distant view of a glowing lava flow. Sulfur vents release mist into the air. No human faces are shown."
Waiting Room,"A photo of a quiet waiting room with rows of chairs, a coffee table holding magazines, and a water cooler in one corner. A potted plant adds a touch of greenery, and the walls are painted a calming neutral color. The atmosphere is clean and professional."
Warehouse with Stacks of Crates,"A photo of a warehouse with stacks of wooden crates, forklifts parked nearby, and beams of sunlight filtering through high windows; no human faces are shown."
Windmill Field,A photo of a countryside windmill surrounded by green fields and wildflowers. The blades slowly turn in a gentle breeze. No human faces are shown.
Windswept Grassland,"A photo of a windswept grassland with tall grasses bending in the breeze, scattered wildflowers, and a wide-open horizon; no human faces are shown."
Winter Lake,"A photo of a frozen lake surrounded by snow-covered trees. The ice reflects the pale winter sky, and there is a small wooden fishing hut. No human faces are shown."
Zen Garden,"A photo of a Zen garden with neatly raked gravel patterns, mossy stones, and a wooden pavilion. The scene is serene and tranquil, with natural lighting. No human faces are shown."
Sandstone Pillars,"A photo of sandstone pillars, inspired by Zhangjiajie National Forest Park, with rugged, weathered textures and steep, vertical formations. Their peaks are covered in lush green vegetation, rising dramatically from dense, forested valleys. Low clouds and swirling mist weave through the spires, creating a mystical and awe-inspiring atmosphere."
Pyramids,"A photo of Egyptian style pyramids at dawn, with soft orange and pink hues lighting the desert landscape, shadows stretching across the sand, and no sign of tourists or activity in the area."
Mountain Bike Trail,"A photo of a downhill mountain bike trail surrounded by open forest, with dirt paths circling the trees moving down the hillside. The setting is natural and human-free."
Mountain Top Weather Station,"A photo of a rocky mountain summit featuring a small weather station with antennas and sensors, surrounded by rugged rocks and patches of snow. The expansive view includes distant mountain ranges and a crisp, cloud-dotted sky. The area is deserted and serene."
Sunken Ship,"A photo of an underwater scene with a sunken shipwreck resting on a sandy seabed, surrounded by coral and schools of fish. The structure is rusted and partially overgrown with marine life. Sunlight filters through the clear water, creating dappled light patterns on the ocean floor. No divers or humans are present."
Water Tank Roof,"A photo of a large, weathered metal water tank on a quiet rooftop surrounded by scattered piping and ventilation ducts. The urban skyline is visible in the background under a clear blue sky. The scene is entirely devoid of people."
Indoor Climbing Gym,A photo of an indoor bouldering climbing gym with brightly colored holds of various shapes attached to angled walls. The room is well-lit with sunlight streaming through large windows and the floor is made of a foam mattress for safe landings. The space is empty of climbers.
Water Reservoir,"A photo of a large water reservoir with a massive concrete dam holding back the calm water. The reservoir is surrounded by rugged hills covered in sparse vegetation, and the dam structure features spillways and pipes visible on the downstream side. The sky is clear, and the scene is completely devoid of people or activity."
Parking Garage,"A photo of the interior of a multi-level parking garage, with concrete pillars and beams, with empty parking spaces marked with faded white lines. The lighting is provided by overhead fluorescent fixtures, casting a soft glow on the slightly scuffed concrete floor. The scene is completely quiet and devoid of people, but not cars."
Airplane Interior,"A photo of the interior of a modern commercial airplane, with rows of empty seats featuring adjustable headrests and fabric upholstery. The cabin is well-lit with overhead lights, and large windows provide a view of the sky outside. The aisles are clear of passengers, and the atmosphere is quiet and calm, with no in-flight activity."
Urban Sidewalk,"A photo of a wide, urban sidewalk lined with trees and benches, stretching through a quiet part of the city. The pavement is made of smooth concrete, with some scattered leaves from nearby trees. The sun is low, casting long shadows, and the space is free of people or vehicles, giving it a tranquil and serene feel."
Outdoor Gym,"A photo of an outdoor gym area in a public park, featuring various exercise equipment such as pull-up bars, weight machines, and benches. The gym is situated on a flat, paved surface surrounded by grass and trees, with a few scattered leaves on the ground. The setting is peaceful, with no people using the equipment, and the sun shines brightly from above, casting clear shadows."
Ski Lodge,"A photo of a traditional ski lodge made of wood and stone, with a snow-covered roof. In the background, downhill skiing slopes stretch into the distance, dotted with skiers. The scene is peaceful, with clear skies and no people near the lodge, creating a quiet, wintery ski resort atmosphere."
Ranch,"A photo of a rustic ranch with a wooden barn and a fenced pasture. The open land stretches into the distance, with grazing horses and scattered hay bales. The sky is clear, and the sun casts warm light over the scene, creating a peaceful, rural atmosphere. The ranch is quiet, with no people in sight."
Viking Longhouse,"A photo of an ancient Viking longhouse, with a thatched roof and wooden walls. The scene is set in a rugged, northern landscape with snow-capped mountains in the background and smoke curling from a chimney."
Rocket Launch Pad,"A photo of an active rocket launch pad with a towering rocket ready for launch. The surrounding area is barren, with vast open space and a clear sky above, creating a powerful, industrial atmosphere."
Oil Rig,"A photo of a large offshore oil rig standing tall against the sea, with cranes and machinery on the platform. The surrounding water is calm, and the sky is overcast, creating an industrial yet serene atmosphere."
Lumber Mill,"A photo of a functioning lumber mill with large logs stacked beside a sawmill. The surrounding forest is dense, and the equipment in use shows the process of turning timber into processed wood. The scene is active but realistic, with no people near the camera."
Solar Panel Farm,"A photo of a large solar panel farm, with rows of panels arranged neatly across a wide, flat area. The sun is shining, and the sky is clear, creating a clean energy landscape with no people near the panels."
Airplane Hangar,"A photo of a large, vintage airplane hangar with several fighter planes parked in the background, out of focus. The hangar features exposed steel beams, concrete floors, and industrial lighting, creating a quiet, utilitarian atmosphere with no people in sight."
Shipping Dock,"A photo of a busy shipping dock with containers being loaded onto large cargo ships. Cranes and forklifts are in motion, and the vast expanse of the water and surrounding industrial buildings create a functional, active environment."
Hockey Rink,"A photo of a hockey rink seen from the audience, with the ice surface brightly lit and marked with lines for the game. The empty stands rise up around the rink, and the atmosphere is quiet, with no players or spectators in sight. The arena is large, with banners hanging from the rafters, creating a sense of anticipation and stillness."
